Hello 4 from the client 3;205640069;3
Hello 4 from the client 2;210203478;2
Hello 4 from the client 2;210319068;1
Hello 4 from the client 9;210730485;9
Hello 4 from the client 9;210753993;1
Hello 5 from the client 8;222173093;8
Hello 5 from the client 3;225032007;3
Hello 5 from the client 6;231147855;6
Hello 5 from the client 9;232632861;9
Hello 5 from the client 9;232961255;1
Hello 5 from the client 7;233025349;7
Hello 5 from the client 2;234539948;2
Hello 5 from the client 2;234702650;1
Hello 5 from the client 5;235010594;5
Hello 5 from the client 5;235137979;1
Hello 5 from the client 4;237925062;4
Hello 6 from the client 8;244977781;8
Hello 6 from the client 3;247297653;3
Hello 6 from the client 9;249363252;9
Hello 6 from the client 9;249506836;1
Hello 6 from the client 2;254680012;2
Hello 6 from the client 7;254681600;7
Hello 6 from the client 2;254732049;1
Hello 6 from the client 5;260675967;5
Hello 6 from the client 5;260828071;1
Hello 6 from the client 6;269640582;6
Hello 6 from the client 4;271362577;4
Hello 7 from the client 3;272725982;3
Hello 7 from the client 4;278221931;4
Hello 7 from the client 5;278621308;5
Hello 7 from the client 5;278680344;1
Hello 7 from the client 8;285251218;8
Hello 7 from the client 6;288351575;6
Hello 7 from the client 6;288695690;1
Hello 7 from the client 7;294698563;7
Hello 7 from the client 2;300439080;2
Hello 7 from the client 2;300887162;1
Hello 8 from the client 6;301866406;6
Hello 8 from the client 6;302193606;1
Hello 8 from the client 8;305454549;8
Hello 8 from the client 3;307905677;3
Hello 8 from the client 5;308558757;5
Hello 8 from the client 5;308724771;1
Hello 8 from the client 2;317056638;2
Hello 8 from the client 2;317433130;1
Hello 8 from the client 4;319980278;4
Hello 8 from the client 7;321135005;7
Hello 9 from the client 2;335844068;2
Hello 9 from the client 2;336156551;1
Hello 9 from the client 5;343776181;5
Hello 9 from the client 5;343994078;1
Hello 9 from the client 3;346453884;3
Hello 9 from the client 4;348855278;4
Hello 9 from the client 7;350400625;7
Hello 9 from the client 6;360108625;6
Hello 9 from the client 8;360384030;8
Hello 9 from the client 6;360540430;1
Hello 10 from the client 4;361480239;4
Hello 10 from the client 5;361832459;5
Hello 10 from the client 5;362282066;1
Hello 10 from the client 6;364343209;6
Hello 10 from the client 6;364459469;1
Hello 10 from the client 8;367282698;8
Hello 10 from the client 2;374243015;2
Hello 10 from the client 2;374473915;1
Hello 10 from the client 3;385874887;3
Hello 10 from the client 7;390150863;7
Hello 11 from the client 8;393024896;8
Hello 11 from the client 2;394080023;2
Hello 11 from the client 2;394503313;1
Hello 11 from the client 6;395561963;6
Hello 11 from the client 6;395809770;1
Hello 11 from the client 7;396127417;7
Hello 11 from the client 5;411637115;5
Hello 11 from the client 5;411920494;1
Hello 7 from the client 9;419238246;9
Hello 7 from the client 9;419322605;1
Hello 11 from the client 4;419847451;4
Hello 11 from the client 3;421773102;3
Hello 12 from the client 6;423726019;6
Hello 12 from the client 6;424112570;1
Hello 12 from the client 2;424275308;2
Hello 12 from the client 2;424983263;1
Hello 12 from the client 7;430572738;7
Hello 12 from the client 8;435290510;8
Hello 12 from the client 4;442824014;4
Hello 12 from the client 3;445390289;3
Hello 12 from the client 5;446518620;5
Hello 8 from the client 9;446683558;9
Hello 12 from the client 5;448496219;1
Hello 8 from the client 9;448931482;1
Hello 13 from the client 7;454322730;7
Hello 13 from the client 5;461316664;5
Hello 13 from the client 5;461558889;1
Hello 13 from the client 6;465071117;6
Hello 13 from the client 6;465477882;1
Hello 13 from the client 2;467258380;2
Hello 13 from the client 2;467654895;1
Hello 13 from the client 3;472312377;3
Hello 13 from the client 8;474813948;8
Hello 13 from the client 4;475347441;4
Hello 14 from the client 8;491681135;8
Hello 14 from the client 4;493097452;4
Hello 14 from the client 6;495914773;6
Hello 14 from the client 6;495957513;1
Hello 14 from the client 5;501893604;5
Hello 14 from the client 5;502053500;1
Hello 14 from the client 3;502960602;3
Hello 14 from the client 2;504461763;2
Hello 14 from the client 2;504665929;1
Hello 14 from the client 7;506072738;7
Hello 15 from the client 6;516258454;6
Hello 15 from the client 6;516422537;1
Hello 15 from the client 3;517194967;3
Hello 15 from the client 7;525822739;7
Hello 15 from the client 5;526949614;5
Hello 15 from the client 5;527308066;1
Hello 15 from the client 4;527769309;4
Hello 15 from the client 2;535806638;2
Hello 15 from the client 2;536016571;1
Hello 15 from the client 8;538267073;8
Hello 16 from the client 7;541877410;7
Hello 16 from the client 6;555585402;6
Hello 16 from the client 6;555610819;1
Hello 16 from the client 5;556581107;5
Hello 16 from the client 5;556917141;1
Hello 16 from the client 4;561519316;4
Hello 16 from the client 2;562634682;2
Hello 16 from the client 2;563012864;1
Hello 16 from the client 8;567845198;8
Hello 16 from the client 3;570749877;3
Hello 17 from the client 5;577854536;5
Hello 17 from the client 5;578252737;1
Hello 17 from the client 2;582111133;2
Hello 17 from the client 2;582171563;1
Hello 17 from the client 6;584733812;6
Hello 17 from the client 6;584784246;1
Hello 17 from the client 3;586148803;3
Hello 17 from the client 8;587837396;8
Hello 17 from the client 7;590627425;7
Hello 17 from the client 4;594347452;4
Hello 18 from the client 4;604097442;4
Hello 18 from the client 7;613861792;7
Hello 18 from the client 6;615368003;6
Hello 18 from the client 6;615699200;1
Hello 18 from the client 8;618048323;8
Hello 18 from the client 5;619824692;5
Hello 18 from the client 5;620053481;1
Hello 18 from the client 2;630180523;2
Hello 18 from the client 2;630503731;1
Hello 18 from the client 3;631266044;3
Hello 19 from the client 8;632353011;8
Hello 19 from the client 3;639476227;3
Hello 19 from the client 2;640470494;2
Hello 19 from the client 2;640518368;1
Hello 19 from the client 7;640611792;7
Hello 19 from the client 6;643968583;6
Hello 19 from the client 6;644001937;1
