Hello 3 from the client 8;200896;1
Hello 4 from the client 4;201680;4
Hello 4 from the client 3;203263;3
Hello 4 from the client 8;204452;8
Hello 4 from the client 8;205100;1
Hello 4 from the client 6;209176;6
Hello 4 from the client 6;209935;1
Hello 5 from the client 2;213076;2
Hello 5 from the client 2;213614;1
Hello 5 from the client 3;215520;3
Hello 5 from the client 6;216254;6
Hello 5 from the client 6;216451;1
Hello 5 from the client 5;220009;5
Hello 5 from the client 5;220131;6
Hello 5 from the client 5;220656;1
Hello 5 from the client 7;224585;7
Hello 5 from the client 7;225070;9
Hello 5 from the client 7;225806;1
Hello 5 from the client 9;233361;9
Hello 5 from the client 9;234004;1
Hello 5 from the client 4;237790;4
Hello 5 from the client 8;239678;8
Hello 5 from the client 8;240415;1
Hello 6 from the client 6;241974;6
Hello 6 from the client 6;242727;1
Hello 6 from the client 5;243250;5
Hello 6 from the client 5;243674;6
Hello 6 from the client 5;244198;1
Hello 6 from the client 3;249622;3
Hello 6 from the client 7;255609;7
Hello 6 from the client 7;255760;9
Hello 6 from the client 7;255865;1
Hello 6 from the client 9;257908;9
Hello 6 from the client 9;258387;1
Hello 6 from the client 2;262756;2
Hello 6 from the client 4;263212;4
Hello 6 from the client 2;263222;1
Hello 6 from the client 8;269171;8
Hello 6 from the client 8;270684;1
Hello 7 from the client 8;272811;8
Hello 7 from the client 8;273207;1
Hello 7 from the client 9;284697;9
Hello 7 from the client 9;286135;1
Hello 7 from the client 4;291110;4
Hello 7 from the client 3;292208;3
Hello 7 from the client 6;292614;6
Hello 7 from the client 6;293176;1
Hello 7 from the client 2;294763;2
Hello 7 from the client 2;296014;1
Hello 7 from the client 5;296086;5
Hello 7 from the client 5;296224;6
Hello 7 from the client 5;296329;1
Hello 7 from the client 7;300656;7
Hello 7 from the client 7;300744;9
Hello 7 from the client 7;301269;1
Hello 8 from the client 8;306209;8
Hello 8 from the client 7;308374;7
Hello 8 from the client 7;308417;9
Hello 8 from the client 8;308521;1
Hello 8 from the client 7;308837;1
Hello 8 from the client 9;310165;9
Hello 8 from the client 9;311359;1
Hello 8 from the client 3;312263;3
Hello 8 from the client 4;319649;4
Hello 8 from the client 5;323680;5
Hello 8 from the client 5;323972;6
Hello 8 from the client 5;324076;1
Hello 8 from the client 6;324356;6
Hello 8 from the client 2;324451;2
Hello 8 from the client 2;324602;1
Hello 8 from the client 6;324917;1
Hello 9 from the client 6;333700;6
Hello 9 from the client 6;334166;1
Hello 9 from the client 5;335828;5
Hello 9 from the client 5;336164;6
Hello 9 from the client 9;336283;9
Hello 9 from the client 9;336584;1
Hello 9 from the client 5;336689;1
Hello 9 from the client 2;342310;2
Hello 9 from the client 2;342469;1
Hello 9 from the client 7;343593;7
Hello 9 from the client 7;343626;9
Hello 9 from the client 7;344151;1
Hello 9 from the client 8;347327;8
Hello 9 from the client 8;348881;1
Hello 9 from the client 4;350448;4
Hello 9 from the client 3;353559;3
Hello 10 from the client 8;365045;8
Hello 10 from the client 8;366538;1
Hello 10 from the client 4;372532;4
Hello 10 from the client 3;372700;3
Hello 10 from the client 9;373572;9
Hello 10 from the client 9;374421;1
Hello 10 from the client 5;377125;5
Hello 10 from the client 5;377364;6
Hello 10 from the client 5;377889;1
Hello 10 from the client 6;378544;6
Hello 10 from the client 7;378554;7
Hello 10 from the client 6;378940;1
Hello 10 from the client 7;378940;9
Hello 10 from the client 2;379154;2
Hello 10 from the client 2;379255;1
Hello 10 from the client 7;379466;1
Hello 11 from the client 9;393041;9
Hello 11 from the client 9;393129;1
Hello 11 from the client 2;394232;2
Hello 11 from the client 2;394390;1
Hello 11 from the client 8;396265;8
Hello 11 from the client 8;396807;1
Hello 11 from the client 7;399914;7
Hello 11 from the client 7;399961;9
Hello 11 from the client 7;400486;1
Hello 11 from the client 6;408216;6
Hello 11 from the client 6;409210;1
Hello 11 from the client 4;411141;4
Hello 11 from the client 3;417247;3
Hello 11 from the client 5;421461;5
Hello 11 from the client 5;421928;6
Hello 11 from the client 5;422452;1
Hello 12 from the client 4;423126;4
Hello 12 from the client 5;425064;5
Hello 12 from the client 5;425291;6
Hello 12 from the client 5;425816;1
Hello 12 from the client 8;431690;8
Hello 12 from the client 9;431798;9
Hello 12 from the client 8;432122;1
Hello 12 from the client 9;432437;1
Hello 12 from the client 6;440395;6
Hello 12 from the client 6;440951;1
Hello 12 from the client 2;441342;2
Hello 12 from the client 2;442317;1
Hello 12 from the client 3;442615;3
Hello 12 from the client 7;448249;7
Hello 12 from the client 7;448308;9
Hello 12 from the client 7;448413;1
Hello 13 from the client 9;461486;9
Hello 13 from the client 9;462707;1
Hello 13 from the client 4;464602;4
Hello 13 from the client 6;467903;6
Hello 13 from the client 6;468067;1
Hello 13 from the client 5;468149;5
Hello 13 from the client 5;468278;6
Hello 13 from the client 5;468698;1
Hello 13 from the client 3;470341;3
Hello 13 from the client 7;471468;7
Hello 13 from the client 7;472272;9
Hello 13 from the client 2;472685;2
Hello 13 from the client 7;473007;1
Hello 13 from the client 2;473427;1
Hello 13 from the client 8;479202;8
Hello 13 from the client 8;480049;1
Hello 14 from the client 8;484920;8
Hello 14 from the client 8;485094;1
Hello 14 from the client 2;486474;2
Hello 14 from the client 2;487721;1
Hello 14 from the client 6;490801;6
Hello 14 from the client 3;491231;3
Hello 14 from the client 6;491400;1
Hello 14 from the client 9;492962;9
Hello 14 from the client 9;493187;1
Hello 14 from the client 4;494524;4
Hello 14 from the client 7;501929;7
Hello 14 from the client 7;502541;9
Hello 14 from the client 7;503066;1
Hello 14 from the client 5;504743;5
Hello 14 from the client 5;505168;6
Hello 14 from the client 5;505694;1
Hello 15 from the client 9;514681;9
Hello 15 from the client 9;515678;1
Hello 15 from the client 2;518771;2
Hello 15 from the client 2;518831;1
Hello 15 from the client 8;520592;8
Hello 15 from the client 8;521249;1
Hello 15 from the client 6;527270;6
Hello 15 from the client 6;527765;1
Hello 15 from the client 4;532321;4
Hello 15 from the client 7;533359;7
Hello 15 from the client 7;533652;9
Hello 15 from the client 7;534177;1
Hello 15 from the client 3;537001;3
Hello 15 from the client 5;541141;5
Hello 15 from the client 5;541323;6
Hello 16 from the client 4;541517;4
Hello 15 from the client 5;541849;1
Hello 16 from the client 3;546216;3
Hello 16 from the client 7;552124;7
Hello 16 from the client 7;552990;9
Hello 16 from the client 7;553516;1
Hello 16 from the client 6;557239;6
Hello 16 from the client 9;557877;9
Hello 16 from the client 6;558035;1
Hello 16 from the client 9;558560;1
Hello 16 from the client 8;558561;8
Hello 16 from the client 8;559086;1
Hello 16 from the client 2;563061;2
Hello 16 from the client 2;563395;1
Hello 16 from the client 5;566289;5
Hello 16 from the client 5;566549;6
Hello 16 from the client 5;567074;1
Hello 17 from the client 8;580803;8
Hello 17 from the client 8;580948;1
Hello 17 from the client 3;582106;3
Hello 17 from the client 5;583524;5
Hello 17 from the client 5;583785;6
Hello 17 from the client 5;583890;1
Hello 17 from the client 7;592320;7
Hello 17 from the client 7;593350;9
Hello 17 from the client 7;593875;1
Hello 17 from the client 6;595757;6
Hello 17 from the client 9;595759;9
Hello 17 from the client 6;595872;1
Hello 17 from the client 9;596397;1
Hello 17 from the client 4;597860;4
Hello 17 from the client 2;599349;2
Hello 17 from the client 2;599550;1
Hello 18 from the client 8;602799;8
Hello 18 from the client 8;603649;1
Hello 18 from the client 4;610595;4
Hello 18 from the client 6;610825;6
Hello 18 from the client 6;611006;1
Hello 18 from the client 5;612875;5
Hello 18 from the client 5;613634;6
Hello 18 from the client 5;614160;1
Hello 18 from the client 3;615364;3
Hello 18 from the client 7;616062;7
Hello 18 from the client 7;616157;9
Hello 18 from the client 7;616577;1
Hello 18 from the client 9;627642;9
Hello 18 from the client 9;627718;1
Hello 18 from the client 2;628248;2
Hello 18 from the client 2;628979;1
Hello 19 from the client 3;635513;3
Hello 19 from the client 6;636692;6
Hello 19 from the client 6;636861;1
Hello 19 from the client 4;640188;4
Hello 19 from the client 8;643381;8
Hello 19 from the client 8;644009;1
Hello 19 from the client 7;644281;7
Hello 19 from the client 7;644640;9
Hello 19 from the client 7;645165;1
Hello 19 from the client 5;650016;5
Hello 19 from the client 5;650210;6
Hello 19 from the client 5;650315;1
Hello 19 from the client 9;652595;9
